{"_timestamp":1.7548754045932744e+09,"_step":0,"epoch":0,"_wandb":{"runtime":612},"_runtime":612,"pretrained_dice":0.4693571398160154,"eval_dice":0.4693571398160154,"phase":"pretrained"}