{"final_eval_dice":0.26223999479017074,"iteration_3_loss":1.0871224731090479e-05,"cuda_oom_events":1,"batch_loss":2.018931127167889e-06,"best_epoch":1,"total_epochs_trained":4,"learning_rate":1e-05,"gpu_memory_gb":1.676913664,"train_loss_std":1.007096087311506,"train_loss_min":1.3942607068884172e-08,"training_completed":true,"best_eval_dice":0.34138151518244686,"final_epoch":4,"train_loss":0.2260270302711673,"eval_dice":0.26223999479017074,"patience_remaining":0,"_timestamp":1.7549116721451735e+09,"batch":110,"iteration_2_loss":2.8762676151927735e-07,"total_epochs":4,"_wandb":{"runtime":21126},"loss_reduction_iter1_to_iter3":-1.0871224731090479e-05,"iteration_1_loss":0,"training_curves":{"format":"png","width":1500,"height":600,"_type":"image-file","sha256":"b0e336b41dea8f92f735937b3f0310ffba9128f2b0f043ea09f7c8c43488747e","size":59261,"path":"media/images/training_curves_1018_b0e336b41dea8f92f735.png"},"_step":1018,"train_loss_max":6.31390905380249,"_runtime":21126,"epochs_without_improvement":3,"epoch":4,"phase":"training","early_stopping_triggered":true}